Country Name,Country ISO3,Year,Indicator Name,Indicator Code,Value
#country+name,#country+code,#date+year,#indicator+name,#indicator+code,#indicator+value+num
Peru,PER,2020,"ICT service exports (BoP, current US$)",BX.GSR.CCIS.CD,105292041.06448
Peru,PER,2019,"ICT service exports (BoP, current US$)",BX.GSR.CCIS.CD,112561099.593895
Peru,PER,2018,"ICT service exports (BoP, current US$)",BX.GSR.CCIS.CD,108513658.206156
Peru,PER,2017,"ICT service exports (BoP, current US$)",BX.GSR.CCIS.CD,147909108.62506
Peru,PER,2016,"ICT service exports (BoP, current US$)",BX.GSR.CCIS.CD,154295442.818729
Peru,PER,2015,"ICT service exports (BoP, current US$)",BX.GSR.CCIS.CD,162166316.960875
Peru,PER,2014,"ICT service exports (BoP, current US$)",BX.GSR.CCIS.CD,182011525.801549
Peru,PER,2013,"ICT service exports (BoP, current US$)",BX.GSR.CCIS.CD,162893365.615177
Peru,PER,2012,"ICT service exports (BoP, current US$)",BX.GSR.CCIS.CD,185219553.135983
Peru,PER,2011,"ICT service exports (BoP, current US$)",BX.GSR.CCIS.CD,158179950
Peru,PER,2010,"ICT service exports (BoP, current US$)",BX.GSR.CCIS.CD,125254200
Peru,PER,2009,"ICT service exports (BoP, current US$)",BX.GSR.CCIS.CD,109712000
Peru,PER,2008,"ICT service exports (BoP, current US$)",BX.GSR.CCIS.CD,145248880
Peru,PER,2007,"ICT service exports (BoP, current US$)",BX.GSR.CCIS.CD,101770581.35
Peru,PER,2006,"ICT service exports (BoP, current US$)",BX.GSR.CCIS.CD,82055746.222307
Peru,PER,2005,"ICT service exports (BoP, current US$)",BX.GSR.CCIS.CD,68718515.0365517
Peru,PER,2004,"ICT service exports (BoP, current US$)",BX.GSR.CCIS.CD,59839581.379306
Peru,PER,2003,"ICT service exports (BoP, current US$)",BX.GSR.CCIS.CD,46322286.5930609
Peru,PER,2002,"ICT service exports (BoP, current US$)",BX.GSR.CCIS.CD,48219685.3193727
Peru,PER,2001,"ICT service exports (BoP, current US$)",BX.GSR.CCIS.CD,67151654.2503095
Peru,PER,2000,"ICT service exports (BoP, current US$)",BX.GSR.CCIS.CD,89811873
Peru,PER,1999,"ICT service exports (BoP, current US$)",BX.GSR.CCIS.CD,128116000
Peru,PER,1998,"ICT service exports (BoP, current US$)",BX.GSR.CCIS.CD,126200000
Peru,PER,1997,"ICT service exports (BoP, current US$)",BX.GSR.CCIS.CD,168092000
Peru,PER,1996,"ICT service exports (BoP, current US$)",BX.GSR.CCIS.CD,174216000
Peru,PER,1995,"ICT service exports (BoP, current US$)",BX.GSR.CCIS.CD,173597000
Peru,PER,1994,"ICT service exports (BoP, current US$)",BX.GSR.CCIS.CD,164400000
Peru,PER,1993,"ICT service exports (BoP, current US$)",BX.GSR.CCIS.CD,145600000
Peru,PER,1992,"ICT service exports (BoP, current US$)",BX.GSR.CCIS.CD,134000000
Peru,PER,1991,"ICT service exports (BoP, current US$)",BX.GSR.CCIS.CD,126000000
Peru,PER,1990,"ICT service exports (BoP, current US$)",BX.GSR.CCIS.CD,95000000
Peru,PER,1989,"ICT service exports (BoP, current US$)",BX.GSR.CCIS.CD,73180000
Peru,PER,1988,"ICT service exports (BoP, current US$)",BX.GSR.CCIS.CD,55170000
Peru,PER,1987,"ICT service exports (BoP, current US$)",BX.GSR.CCIS.CD,55310000
Peru,PER,1986,"ICT service exports (BoP, current US$)",BX.GSR.CCIS.CD,68080000
Peru,PER,1985,"ICT service exports (BoP, current US$)",BX.GSR.CCIS.CD,51000000
Peru,PER,2020,"ICT service exports (% of service exports, BoP)",BX.GSR.CCIS.ZS,3.87237819770823
Peru,PER,2019,"ICT service exports (% of service exports, BoP)",BX.GSR.CCIS.ZS,1.68111699951155
Peru,PER,2018,"ICT service exports (% of service exports, BoP)",BX.GSR.CCIS.ZS,1.7000181827736
Peru,PER,2017,"ICT service exports (% of service exports, BoP)",BX.GSR.CCIS.ZS,2.11064091693161
Peru,PER,2016,"ICT service exports (% of service exports, BoP)",BX.GSR.CCIS.ZS,2.51420057586679
Peru,PER,2015,"ICT service exports (% of service exports, BoP)",BX.GSR.CCIS.ZS,2.72115890247715
Peru,PER,2014,"ICT service exports (% of service exports, BoP)",BX.GSR.CCIS.ZS,3.21729123604859
Peru,PER,2013,"ICT service exports (% of service exports, BoP)",BX.GSR.CCIS.ZS,3.15258891325052
Peru,PER,2012,"ICT service exports (% of service exports, BoP)",BX.GSR.CCIS.ZS,4.4162722310888
Peru,PER,2011,"ICT service exports (% of service exports, BoP)",BX.GSR.CCIS.ZS,4.43666148874641
Peru,PER,2010,"ICT service exports (% of service exports, BoP)",BX.GSR.CCIS.ZS,3.82684428751325
Peru,PER,2009,"ICT service exports (% of service exports, BoP)",BX.GSR.CCIS.ZS,3.19015233550883
Peru,PER,2008,"ICT service exports (% of service exports, BoP)",BX.GSR.CCIS.ZS,4.41716766658295
Peru,PER,2007,"ICT service exports (% of service exports, BoP)",BX.GSR.CCIS.ZS,3.59542365616285
Peru,PER,2006,"ICT service exports (% of service exports, BoP)",BX.GSR.CCIS.ZS,3.57478485728894
Peru,PER,2005,"ICT service exports (% of service exports, BoP)",BX.GSR.CCIS.ZS,3.40900108057141
Peru,PER,2004,"ICT service exports (% of service exports, BoP)",BX.GSR.CCIS.ZS,3.3579118155831
Peru,PER,2003,"ICT service exports (% of service exports, BoP)",BX.GSR.CCIS.ZS,3.02804314129358
Peru,PER,2002,"ICT service exports (% of service exports, BoP)",BX.GSR.CCIS.ZS,4.04002065043741
Peru,PER,2001,"ICT service exports (% of service exports, BoP)",BX.GSR.CCIS.ZS,5.93581232307339
Peru,PER,2000,"ICT service exports (% of service exports, BoP)",BX.GSR.CCIS.ZS,7.17862294806584
Peru,PER,1999,"ICT service exports (% of service exports, BoP)",BX.GSR.CCIS.ZS,9.35114581826251
Peru,PER,1998,"ICT service exports (% of service exports, BoP)",BX.GSR.CCIS.ZS,8.66791250682226
Peru,PER,1997,"ICT service exports (% of service exports, BoP)",BX.GSR.CCIS.ZS,12.9215239407645
Peru,PER,1996,"ICT service exports (% of service exports, BoP)",BX.GSR.CCIS.ZS,14.01956243585
Peru,PER,1995,"ICT service exports (% of service exports, BoP)",BX.GSR.CCIS.ZS,20.8494224424614
Peru,PER,1994,"ICT service exports (% of service exports, BoP)",BX.GSR.CCIS.ZS,18.6661489532895
Peru,PER,1993,"ICT service exports (% of service exports, BoP)",BX.GSR.CCIS.ZS,22.2441730662127
Peru,PER,1992,"ICT service exports (% of service exports, BoP)",BX.GSR.CCIS.ZS,18.010752688172
Peru,PER,1991,"ICT service exports (% of service exports, BoP)",BX.GSR.CCIS.ZS,15.8490566037736
Peru,PER,1990,"ICT service exports (% of service exports, BoP)",BX.GSR.CCIS.ZS,12.3216601815824
Peru,PER,1989,"ICT service exports (% of service exports, BoP)",BX.GSR.CCIS.ZS,8.75421680981889
Peru,PER,1988,"ICT service exports (% of service exports, BoP)",BX.GSR.CCIS.ZS,6.63699248120301
Peru,PER,1987,"ICT service exports (% of service exports, BoP)",BX.GSR.CCIS.ZS,6.97530708502535
Peru,PER,1986,"ICT service exports (% of service exports, BoP)",BX.GSR.CCIS.ZS,9.99823767843506
Peru,PER,1985,"ICT service exports (% of service exports, BoP)",BX.GSR.CCIS.ZS,7.33812949640288
Peru,PER,2017,"Annual freshwater withdrawals, agriculture (% of total freshwater withdrawal)",ER.H2O.FWAG.ZS,81.34826995
Peru,PER,2012,"Annual freshwater withdrawals, agriculture (% of total freshwater withdrawal)",ER.H2O.FWAG.ZS,84.72583365
Peru,PER,2017,"Annual freshwater withdrawals, domestic (% of total freshwater withdrawal)",ER.H2O.FWDM.ZS,17.3687871035
Peru,PER,2012,"Annual freshwater withdrawals, domestic (% of total freshwater withdrawal)",ER.H2O.FWDM.ZS,13.6092130106
Peru,PER,2017,"Annual freshwater withdrawals, industry (% of total freshwater withdrawal)",ER.H2O.FWIN.ZS,1.2829429444
Peru,PER,2012,"Annual freshwater withdrawals, industry (% of total freshwater withdrawal)",ER.H2O.FWIN.ZS,1.664953337
Peru,PER,2017,"Annual freshwater withdrawals, total (billion cubic meters)",ER.H2O.FWTL.K3,16.1095379056
Peru,PER,2012,"Annual freshwater withdrawals, total (billion cubic meters)",ER.H2O.FWTL.K3,14.8372689528
Peru,PER,2017,"Annual freshwater withdrawals, total (% of internal resources)",ER.H2O.FWTL.ZS,0.981690305033516
Peru,PER,2012,"Annual freshwater withdrawals, total (% of internal resources)",ER.H2O.FWTL.ZS,0.904160204314442
Peru,PER,2017,"Renewable internal freshwater resources, total (billion cubic meters)",ER.H2O.INTR.K3,1641
Peru,PER,2012,"Renewable internal freshwater resources, total (billion cubic meters)",ER.H2O.INTR.K3,1641
Peru,PER,2007,"Renewable internal freshwater resources, total (billion cubic meters)",ER.H2O.INTR.K3,1641
Peru,PER,2002,"Renewable internal freshwater resources, total (billion cubic meters)",ER.H2O.INTR.K3,1641
Peru,PER,1997,"Renewable internal freshwater resources, total (billion cubic meters)",ER.H2O.INTR.K3,1641
Peru,PER,1992,"Renewable internal freshwater resources, total (billion cubic meters)",ER.H2O.INTR.K3,1641
Peru,PER,1987,"Renewable internal freshwater resources, total (billion cubic meters)",ER.H2O.INTR.K3,1641
Peru,PER,1982,"Renewable internal freshwater resources, total (billion cubic meters)",ER.H2O.INTR.K3,1641
Peru,PER,1977,"Renewable internal freshwater resources, total (billion cubic meters)",ER.H2O.INTR.K3,1641
Peru,PER,1972,"Renewable internal freshwater resources, total (billion cubic meters)",ER.H2O.INTR.K3,1641
Peru,PER,1967,"Renewable internal freshwater resources, total (billion cubic meters)",ER.H2O.INTR.K3,1641
Peru,PER,1962,"Renewable internal freshwater resources, total (billion cubic meters)",ER.H2O.INTR.K3,1641
Peru,PER,2017,Renewable internal freshwater resources per capita (cubic meters),ER.H2O.INTR.PC,52187.520542277
Peru,PER,2012,Renewable internal freshwater resources per capita (cubic meters),ER.H2O.INTR.PC,55614.3179247895
Peru,PER,2007,Renewable internal freshwater resources per capita (cubic meters),ER.H2O.INTR.PC,57918.2262410859
Peru,PER,2002,Renewable internal freshwater resources per capita (cubic meters),ER.H2O.INTR.PC,60551.3516050573
Peru,PER,1997,Renewable internal freshwater resources per capita (cubic meters),ER.H2O.INTR.PC,65090.7460593424
Peru,PER,1992,Renewable internal freshwater resources per capita (cubic meters),ER.H2O.INTR.PC,71450.895557078
Peru,PER,1987,Renewable internal freshwater resources per capita (cubic meters),ER.H2O.INTR.PC,79308.7524530255
Peru,PER,1982,Renewable internal freshwater resources per capita (cubic meters),ER.H2O.INTR.PC,89056.9085042021
Peru,PER,1977,Renewable internal freshwater resources per capita (cubic meters),ER.H2O.INTR.PC,100932.919096268
Peru,PER,1972,Renewable internal freshwater resources per capita (cubic meters),ER.H2O.INTR.PC,115384.988588769
Peru,PER,1967,Renewable internal freshwater resources per capita (cubic meters),ER.H2O.INTR.PC,132479.009221702
Peru,PER,1962,Renewable internal freshwater resources per capita (cubic meters),ER.H2O.INTR.PC,152658.78862972
Peru,PER,2020,Investment in energy with private participation (current US$),IE.PPI.ENGY.CD,100000000
Peru,PER,2019,Investment in energy with private participation (current US$),IE.PPI.ENGY.CD,54000000
Peru,PER,2018,Investment in energy with private participation (current US$),IE.PPI.ENGY.CD,311200000
Peru,PER,2017,Investment in energy with private participation (current US$),IE.PPI.ENGY.CD,718500000
Peru,PER,2016,Investment in energy with private participation (current US$),IE.PPI.ENGY.CD,323900000
Peru,PER,2015,Investment in energy with private participation (current US$),IE.PPI.ENGY.CD,1731350000
Peru,PER,2014,Investment in energy with private participation (current US$),IE.PPI.ENGY.CD,1641600000
Peru,PER,2013,Investment in energy with private participation (current US$),IE.PPI.ENGY.CD,2764700000
Peru,PER,2012,Investment in energy with private participation (current US$),IE.PPI.ENGY.CD,2080900000
Peru,PER,2011,Investment in energy with private participation (current US$),IE.PPI.ENGY.CD,876900000
Peru,PER,2010,Investment in energy with private participation (current US$),IE.PPI.ENGY.CD,1188100000
Peru,PER,2009,Investment in energy with private participation (current US$),IE.PPI.ENGY.CD,436270000
Peru,PER,2008,Investment in energy with private participation (current US$),IE.PPI.ENGY.CD,328200000
Peru,PER,2007,Investment in energy with private participation (current US$),IE.PPI.ENGY.CD,469300000
Peru,PER,2006,Investment in energy with private participation (current US$),IE.PPI.ENGY.CD,126300000
Peru,PER,2005,Investment in energy with private participation (current US$),IE.PPI.ENGY.CD,158600000
Peru,PER,2004,Investment in energy with private participation (current US$),IE.PPI.ENGY.CD,305600000
Peru,PER,2003,Investment in energy with private participation (current US$),IE.PPI.ENGY.CD,1017000000
Peru,PER,2002,Investment in energy with private participation (current US$),IE.PPI.ENGY.CD,345300000
Peru,PER,2001,Investment in energy with private participation (current US$),IE.PPI.ENGY.CD,304300000
Peru,PER,2000,Investment in energy with private participation (current US$),IE.PPI.ENGY.CD,348100000
Peru,PER,1999,Investment in energy with private participation (current US$),IE.PPI.ENGY.CD,304400000
Peru,PER,1998,Investment in energy with private participation (current US$),IE.PPI.ENGY.CD,905100000
Peru,PER,1997,Investment in energy with private participation (current US$),IE.PPI.ENGY.CD,161000000
Peru,PER,1996,Investment in energy with private participation (current US$),IE.PPI.ENGY.CD,877800000
Peru,PER,1995,Investment in energy with private participation (current US$),IE.PPI.ENGY.CD,756550000
Peru,PER,1994,Investment in energy with private participation (current US$),IE.PPI.ENGY.CD,451190000
Peru,PER,2015,Investment in ICT with private participation (current US$),IE.PPI.ICTI.CD,273700000
Peru,PER,2002,Investment in ICT with private participation (current US$),IE.PPI.ICTI.CD,8000000
Peru,PER,2001,Investment in ICT with private participation (current US$),IE.PPI.ICTI.CD,46300000
Peru,PER,2000,Investment in ICT with private participation (current US$),IE.PPI.ICTI.CD,9800000
Peru,PER,1998,Investment in ICT with private participation (current US$),IE.PPI.ICTI.CD,17000000
Peru,PER,1994,Investment in ICT with private participation (current US$),IE.PPI.ICTI.CD,1635000000
Peru,PER,1990,Investment in ICT with private participation (current US$),IE.PPI.ICTI.CD,10000000
Peru,PER,2020,Investment in transport with private participation (current US$),IE.PPI.TRAN.CD,229000000
Peru,PER,2018,Investment in transport with private participation (current US$),IE.PPI.TRAN.CD,215000000
Peru,PER,2017,Investment in transport with private participation (current US$),IE.PPI.TRAN.CD,415100000
Peru,PER,2016,Investment in transport with private participation (current US$),IE.PPI.TRAN.CD,18900000
Peru,PER,2015,Investment in transport with private participation (current US$),IE.PPI.TRAN.CD,6997000000
Peru,PER,2014,Investment in transport with private participation (current US$),IE.PPI.TRAN.CD,619600000
Peru,PER,2013,Investment in transport with private participation (current US$),IE.PPI.TRAN.CD,1506000000
Peru,PER,2012,Investment in transport with private participation (current US$),IE.PPI.TRAN.CD,983000000
Peru,PER,2011,Investment in transport with private participation (current US$),IE.PPI.TRAN.CD,909000000
Peru,PER,2010,Investment in transport with private participation (current US$),IE.PPI.TRAN.CD,127000000
Peru,PER,2009,Investment in transport with private participation (current US$),IE.PPI.TRAN.CD,987830000
Peru,PER,2008,Investment in transport with private participation (current US$),IE.PPI.TRAN.CD,439000000
Peru,PER,2007,Investment in transport with private participation (current US$),IE.PPI.TRAN.CD,875800000
Peru,PER,2006,Investment in transport with private participation (current US$),IE.PPI.TRAN.CD,1020000000
Peru,PER,2005,Investment in transport with private participation (current US$),IE.PPI.TRAN.CD,283000000
Peru,PER,2003,Investment in transport with private participation (current US$),IE.PPI.TRAN.CD,75000000
Peru,PER,2001,Investment in transport with private participation (current US$),IE.PPI.TRAN.CD,164500000
Peru,PER,1999,Investment in transport with private participation (current US$),IE.PPI.TRAN.CD,78300000
Peru,PER,1998,Investment in transport with private participation (current US$),IE.PPI.TRAN.CD,8000000
Peru,PER,1994,Investment in transport with private participation (current US$),IE.PPI.TRAN.CD,6600000
Peru,PER,2018,Investment in water and sanitation with private participation (current US$),IE.PPI.WATR.CD,121400000
Peru,PER,2016,Investment in water and sanitation with private participation (current US$),IE.PPI.WATR.CD,100000000
Peru,PER,2015,Investment in water and sanitation with private participation (current US$),IE.PPI.WATR.CD,4000000
Peru,PER,2014,Investment in water and sanitation with private participation (current US$),IE.PPI.WATR.CD,715000000
Peru,PER,2012,Investment in water and sanitation with private participation (current US$),IE.PPI.WATR.CD,104500000
Peru,PER,2011,Investment in water and sanitation with private participation (current US$),IE.PPI.WATR.CD,149500000
Peru,PER,2010,Investment in water and sanitation with private participation (current US$),IE.PPI.WATR.CD,119800000
Peru,PER,2005,Investment in water and sanitation with private participation (current US$),IE.PPI.WATR.CD,72000000
Peru,PER,2002,Investment in water and sanitation with private participation (current US$),IE.PPI.WATR.CD,45000000
Peru,PER,2001,Investment in water and sanitation with private participation (current US$),IE.PPI.WATR.CD,35000000
Peru,PER,2020,Public private partnerships investment in energy (current US$),IE.PPN.ENGY.CD,100000000
Peru,PER,2019,Public private partnerships investment in energy (current US$),IE.PPN.ENGY.CD,54000000
Peru,PER,2018,Public private partnerships investment in energy (current US$),IE.PPN.ENGY.CD,311200000
Peru,PER,2017,Public private partnerships investment in energy (current US$),IE.PPN.ENGY.CD,718500000
Peru,PER,2016,Public private partnerships investment in energy (current US$),IE.PPN.ENGY.CD,323900000
Peru,PER,2015,Public private partnerships investment in energy (current US$),IE.PPN.ENGY.CD,1731350000
Peru,PER,2014,Public private partnerships investment in energy (current US$),IE.PPN.ENGY.CD,1641600000
Peru,PER,2013,Public private partnerships investment in energy (current US$),IE.PPN.ENGY.CD,2663700000
Peru,PER,2012,Public private partnerships investment in energy (current US$),IE.PPN.ENGY.CD,2080900000
Peru,PER,2011,Public private partnerships investment in energy (current US$),IE.PPN.ENGY.CD,800400000
Peru,PER,2010,Public private partnerships investment in energy (current US$),IE.PPN.ENGY.CD,1013000000
Peru,PER,2009,Public private partnerships investment in energy (current US$),IE.PPN.ENGY.CD,389470000
Peru,PER,2008,Public private partnerships investment in energy (current US$),IE.PPN.ENGY.CD,96700000
Peru,PER,2007,Public private partnerships investment in energy (current US$),IE.PPN.ENGY.CD,42200000
Peru,PER,2006,Public private partnerships investment in energy (current US$),IE.PPN.ENGY.CD,81400000
Peru,PER,2005,Public private partnerships investment in energy (current US$),IE.PPN.ENGY.CD,8200000
Peru,PER,2004,Public private partnerships investment in energy (current US$),IE.PPN.ENGY.CD,217400000
Peru,PER,2003,Public private partnerships investment in energy (current US$),IE.PPN.ENGY.CD,970000000
Peru,PER,2002,Public private partnerships investment in energy (current US$),IE.PPN.ENGY.CD,278300000
Peru,PER,1999,Public private partnerships investment in energy (current US$),IE.PPN.ENGY.CD,74500000
Peru,PER,1998,Public private partnerships investment in energy (current US$),IE.PPN.ENGY.CD,179200000
Peru,PER,2015,Public private partnerships investment in ICT (current US$),IE.PPN.ICTI.CD,273700000
Peru,PER,2000,Public private partnerships investment in ICT (current US$),IE.PPN.ICTI.CD,9800000
Peru,PER,2020,Public private partnerships investment in transport (current US$),IE.PPN.TRAN.CD,229000000
Peru,PER,2018,Public private partnerships investment in transport (current US$),IE.PPN.TRAN.CD,215000000
Peru,PER,2017,Public private partnerships investment in transport (current US$),IE.PPN.TRAN.CD,415100000
Peru,PER,2015,Public private partnerships investment in transport (current US$),IE.PPN.TRAN.CD,6997000000
Peru,PER,2014,Public private partnerships investment in transport (current US$),IE.PPN.TRAN.CD,619600000
Peru,PER,2013,Public private partnerships investment in transport (current US$),IE.PPN.TRAN.CD,1506000000
Peru,PER,2012,Public private partnerships investment in transport (current US$),IE.PPN.TRAN.CD,983000000
Peru,PER,2011,Public private partnerships investment in transport (current US$),IE.PPN.TRAN.CD,909000000
Peru,PER,2010,Public private partnerships investment in transport (current US$),IE.PPN.TRAN.CD,127000000
Peru,PER,2009,Public private partnerships investment in transport (current US$),IE.PPN.TRAN.CD,987830000
Peru,PER,2008,Public private partnerships investment in transport (current US$),IE.PPN.TRAN.CD,439000000
Peru,PER,2007,Public private partnerships investment in transport (current US$),IE.PPN.TRAN.CD,875800000
Peru,PER,2006,Public private partnerships investment in transport (current US$),IE.PPN.TRAN.CD,1020000000
Peru,PER,2005,Public private partnerships investment in transport (current US$),IE.PPN.TRAN.CD,283000000
Peru,PER,2003,Public private partnerships investment in transport (current US$),IE.PPN.TRAN.CD,75000000
Peru,PER,2001,Public private partnerships investment in transport (current US$),IE.PPN.TRAN.CD,164500000
Peru,PER,1999,Public private partnerships investment in transport (current US$),IE.PPN.TRAN.CD,78300000
Peru,PER,1998,Public private partnerships investment in transport (current US$),IE.PPN.TRAN.CD,8000000
Peru,PER,1994,Public private partnerships investment in transport (current US$),IE.PPN.TRAN.CD,6600000
Peru,PER,2018,Public private partnerships investment in water and sanitation (current US$),IE.PPN.WATR.CD,121400000
Peru,PER,2016,Public private partnerships investment in water and sanitation (current US$),IE.PPN.WATR.CD,100000000
Peru,PER,2015,Public private partnerships investment in water and sanitation (current US$),IE.PPN.WATR.CD,4000000
Peru,PER,2014,Public private partnerships investment in water and sanitation (current US$),IE.PPN.WATR.CD,715000000
Peru,PER,2012,Public private partnerships investment in water and sanitation (current US$),IE.PPN.WATR.CD,104500000
Peru,PER,2011,Public private partnerships investment in water and sanitation (current US$),IE.PPN.WATR.CD,149500000
Peru,PER,2010,Public private partnerships investment in water and sanitation (current US$),IE.PPN.WATR.CD,119800000
Peru,PER,2005,Public private partnerships investment in water and sanitation (current US$),IE.PPN.WATR.CD,72000000
Peru,PER,2002,Public private partnerships investment in water and sanitation (current US$),IE.PPN.WATR.CD,45000000
Peru,PER,2001,Public private partnerships investment in water and sanitation (current US$),IE.PPN.WATR.CD,35000000
Peru,PER,2019,"Industrial design applications, nonresident, by count",IP.IDS.NRCT,249
Peru,PER,2018,"Industrial design applications, nonresident, by count",IP.IDS.NRCT,247
Peru,PER,2017,"Industrial design applications, nonresident, by count",IP.IDS.NRCT,257
Peru,PER,2016,"Industrial design applications, nonresident, by count",IP.IDS.NRCT,201
Peru,PER,2015,"Industrial design applications, nonresident, by count",IP.IDS.NRCT,227
Peru,PER,2014,"Industrial design applications, nonresident, by count",IP.IDS.NRCT,215
Peru,PER,2013,"Industrial design applications, nonresident, by count",IP.IDS.NRCT,366
Peru,PER,2012,"Industrial design applications, nonresident, by count",IP.IDS.NRCT,306
Peru,PER,2011,"Industrial design applications, nonresident, by count",IP.IDS.NRCT,248
Peru,PER,2010,"Industrial design applications, nonresident, by count",IP.IDS.NRCT,253
Peru,PER,2009,"Industrial design applications, nonresident, by count",IP.IDS.NRCT,194
Peru,PER,2008,"Industrial design applications, nonresident, by count",IP.IDS.NRCT,258
Peru,PER,2007,"Industrial design applications, nonresident, by count",IP.IDS.NRCT,160
Peru,PER,2006,"Industrial design applications, nonresident, by count",IP.IDS.NRCT,175
Peru,PER,2005,"Industrial design applications, nonresident, by count",IP.IDS.NRCT,164
Peru,PER,2004,"Industrial design applications, nonresident, by count",IP.IDS.NRCT,145
Peru,PER,2003,"Industrial design applications, nonresident, by count",IP.IDS.NRCT,75
Peru,PER,2002,"Industrial design applications, nonresident, by count",IP.IDS.NRCT,90
Peru,PER,2001,"Industrial design applications, nonresident, by count",IP.IDS.NRCT,84
Peru,PER,2000,"Industrial design applications, nonresident, by count",IP.IDS.NRCT,91
Peru,PER,1999,"Industrial design applications, nonresident, by count",IP.IDS.NRCT,86
Peru,PER,1997,"Industrial design applications, nonresident, by count",IP.IDS.NRCT,81
Peru,PER,1996,"Industrial design applications, nonresident, by count",IP.IDS.NRCT,91
Peru,PER,1994,"Industrial design applications, nonresident, by count",IP.IDS.NRCT,35
Peru,PER,1993,"Industrial design applications, nonresident, by count",IP.IDS.NRCT,32
Peru,PER,1992,"Industrial design applications, nonresident, by count",IP.IDS.NRCT,26
Peru,PER,1991,"Industrial design applications, nonresident, by count",IP.IDS.NRCT,26
Peru,PER,1990,"Industrial design applications, nonresident, by count",IP.IDS.NRCT,33
Peru,PER,1988,"Industrial design applications, nonresident, by count",IP.IDS.NRCT,22
Peru,PER,1987,"Industrial design applications, nonresident, by count",IP.IDS.NRCT,22
Peru,PER,1986,"Industrial design applications, nonresident, by count",IP.IDS.NRCT,43
Peru,PER,1985,"Industrial design applications, nonresident, by count",IP.IDS.NRCT,44
Peru,PER,1983,"Industrial design applications, nonresident, by count",IP.IDS.NRCT,41
Peru,PER,1982,"Industrial design applications, nonresident, by count",IP.IDS.NRCT,42
Peru,PER,1981,"Industrial design applications, nonresident, by count",IP.IDS.NRCT,51
Peru,PER,1980,"Industrial design applications, nonresident, by count",IP.IDS.NRCT,19
Peru,PER,2019,"Industrial design applications, resident, by count",IP.IDS.RSCT,133
Peru,PER,2018,"Industrial design applications, resident, by count",IP.IDS.RSCT,134
Peru,PER,2017,"Industrial design applications, resident, by count",IP.IDS.RSCT,92
Peru,PER,2016,"Industrial design applications, resident, by count",IP.IDS.RSCT,102
Peru,PER,2015,"Industrial design applications, resident, by count",IP.IDS.RSCT,131
Peru,PER,2014,"Industrial design applications, resident, by count",IP.IDS.RSCT,104
Peru,PER,2013,"Industrial design applications, resident, by count",IP.IDS.RSCT,133
Peru,PER,2012,"Industrial design applications, resident, by count",IP.IDS.RSCT,101
Peru,PER,2011,"Industrial design applications, resident, by count",IP.IDS.RSCT,86
Peru,PER,2010,"Industrial design applications, resident, by count",IP.IDS.RSCT,124
Peru,PER,2009,"Industrial design applications, resident, by count",IP.IDS.RSCT,106
Peru,PER,2008,"Industrial design applications, resident, by count",IP.IDS.RSCT,84
Peru,PER,2007,"Industrial design applications, resident, by count",IP.IDS.RSCT,59
Peru,PER,2006,"Industrial design applications, resident, by count",IP.IDS.RSCT,63
Peru,PER,2005,"Industrial design applications, resident, by count",IP.IDS.RSCT,63
Peru,PER,2004,"Industrial design applications, resident, by count",IP.IDS.RSCT,61
Peru,PER,2003,"Industrial design applications, resident, by count",IP.IDS.RSCT,102
Peru,PER,2002,"Industrial design applications, resident, by count",IP.IDS.RSCT,76
Peru,PER,2001,"Industrial design applications, resident, by count",IP.IDS.RSCT,97
Peru,PER,2000,"Industrial design applications, resident, by count",IP.IDS.RSCT,91
Peru,PER,1999,"Industrial design applications, resident, by count",IP.IDS.RSCT,73
Peru,PER,1997,"Industrial design applications, resident, by count",IP.IDS.RSCT,111
Peru,PER,1996,"Industrial design applications, resident, by count",IP.IDS.RSCT,115
Peru,PER,1994,"Industrial design applications, resident, by count",IP.IDS.RSCT,86
Peru,PER,1993,"Industrial design applications, resident, by count",IP.IDS.RSCT,42
Peru,PER,1992,"Industrial design applications, resident, by count",IP.IDS.RSCT,28
Peru,PER,1991,"Industrial design applications, resident, by count",IP.IDS.RSCT,48
Peru,PER,1990,"Industrial design applications, resident, by count",IP.IDS.RSCT,56
Peru,PER,1988,"Industrial design applications, resident, by count",IP.IDS.RSCT,67
Peru,PER,1987,"Industrial design applications, resident, by count",IP.IDS.RSCT,77
Peru,PER,1986,"Industrial design applications, resident, by count",IP.IDS.RSCT,66
Peru,PER,1985,"Industrial design applications, resident, by count",IP.IDS.RSCT,81
Peru,PER,1983,"Industrial design applications, resident, by count",IP.IDS.RSCT,69
Peru,PER,1982,"Industrial design applications, resident, by count",IP.IDS.RSCT,98
Peru,PER,1981,"Industrial design applications, resident, by count",IP.IDS.RSCT,105
Peru,PER,1980,"Industrial design applications, resident, by count",IP.IDS.RSCT,75
Peru,PER,2019,"Trademark applications, nonresident, by count",IP.TMK.NRCT,12853
Peru,PER,2018,"Trademark applications, nonresident, by count",IP.TMK.NRCT,12935
Peru,PER,2017,"Trademark applications, nonresident, by count",IP.TMK.NRCT,11496
Peru,PER,2016,"Trademark applications, nonresident, by count",IP.TMK.NRCT,11352
Peru,PER,2015,"Trademark applications, nonresident, by count",IP.TMK.NRCT,12393
Peru,PER,2014,"Trademark applications, nonresident, by count",IP.TMK.NRCT,11979
Peru,PER,2013,"Trademark applications, nonresident, by count",IP.TMK.NRCT,12484
Peru,PER,2012,"Trademark applications, nonresident, by count",IP.TMK.NRCT,11464
Peru,PER,2010,"Trademark applications, nonresident, by count",IP.TMK.NRCT,10035
Peru,PER,2019,"Trademark applications, resident, by count",IP.TMK.RSCT,29205
Peru,PER,2018,"Trademark applications, resident, by count",IP.TMK.RSCT,23644
Peru,PER,2017,"Trademark applications, resident, by count",IP.TMK.RSCT,21535
Peru,PER,2016,"Trademark applications, resident, by count",IP.TMK.RSCT,19356
Peru,PER,2015,"Trademark applications, resident, by count",IP.TMK.RSCT,19907
Peru,PER,2014,"Trademark applications, resident, by count",IP.TMK.RSCT,18448
Peru,PER,2013,"Trademark applications, resident, by count",IP.TMK.RSCT,17361
Peru,PER,2012,"Trademark applications, resident, by count",IP.TMK.RSCT,18089
Peru,PER,2010,"Trademark applications, resident, by count",IP.TMK.RSCT,16337
Peru,PER,2020,"Air transport, registered carrier departures worldwide",IS.AIR.DPRT,42395.999
Peru,PER,2019,"Air transport, registered carrier departures worldwide",IS.AIR.DPRT,141311
Peru,PER,2018,"Air transport, registered carrier departures worldwide",IS.AIR.DPRT,141025.363
Peru,PER,2017,"Air transport, registered carrier departures worldwide",IS.AIR.DPRT,130792
Peru,PER,2016,"Air transport, registered carrier departures worldwide",IS.AIR.DPRT,129880
Peru,PER,2015,"Air transport, registered carrier departures worldwide",IS.AIR.DPRT,129786
Peru,PER,2014,"Air transport, registered carrier departures worldwide",IS.AIR.DPRT,117800
Peru,PER,2013,"Air transport, registered carrier departures worldwide",IS.AIR.DPRT,115817.396352206
Peru,PER,2012,"Air transport, registered carrier departures worldwide",IS.AIR.DPRT,106167
Peru,PER,2011,"Air transport, registered carrier departures worldwide",IS.AIR.DPRT,100131
Peru,PER,2010,"Air transport, registered carrier departures worldwide",IS.AIR.DPRT,84408.1153236815
Peru,PER,2009,"Air transport, registered carrier departures worldwide",IS.AIR.DPRT,65885
Peru,PER,2008,"Air transport, registered carrier departures worldwide",IS.AIR.DPRT,67840
Peru,PER,2007,"Air transport, registered carrier departures worldwide",IS.AIR.DPRT,61958
Peru,PER,2006,"Air transport, registered carrier departures worldwide",IS.AIR.DPRT,56072
Peru,PER,2005,"Air transport, registered carrier departures worldwide",IS.AIR.DPRT,60819
Peru,PER,2004,"Air transport, registered carrier departures worldwide",IS.AIR.DPRT,46917
Peru,PER,2003,"Air transport, registered carrier departures worldwide",IS.AIR.DPRT,36947
Peru,PER,2002,"Air transport, registered carrier departures worldwide",IS.AIR.DPRT,37482
Peru,PER,2001,"Air transport, registered carrier departures worldwide",IS.AIR.DPRT,44487
Peru,PER,2000,"Air transport, registered carrier departures worldwide",IS.AIR.DPRT,29387
Peru,PER,1999,"Air transport, registered carrier departures worldwide",IS.AIR.DPRT,37300
Peru,PER,1998,"Air transport, registered carrier departures worldwide",IS.AIR.DPRT,44800
Peru,PER,1997,"Air transport, registered carrier departures worldwide",IS.AIR.DPRT,43200
Peru,PER,1996,"Air transport, registered carrier departures worldwide",IS.AIR.DPRT,35200
Peru,PER,1995,"Air transport, registered carrier departures worldwide",IS.AIR.DPRT,37300
Peru,PER,1994,"Air transport, registered carrier departures worldwide",IS.AIR.DPRT,30600
Peru,PER,1993,"Air transport, registered carrier departures worldwide",IS.AIR.DPRT,25000
Peru,PER,1992,"Air transport, registered carrier departures worldwide",IS.AIR.DPRT,21200
Peru,PER,1991,"Air transport, registered carrier departures worldwide",IS.AIR.DPRT,21500
Peru,PER,1990,"Air transport, registered carrier departures worldwide",IS.AIR.DPRT,22100
Peru,PER,1989,"Air transport, registered carrier departures worldwide",IS.AIR.DPRT,26000
Peru,PER,1988,"Air transport, registered carrier departures worldwide",IS.AIR.DPRT,33600
Peru,PER,1987,"Air transport, registered carrier departures worldwide",IS.AIR.DPRT,35600
Peru,PER,1986,"Air transport, registered carrier departures worldwide",IS.AIR.DPRT,32100
Peru,PER,1985,"Air transport, registered carrier departures worldwide",IS.AIR.DPRT,28800
Peru,PER,1984,"Air transport, registered carrier departures worldwide",IS.AIR.DPRT,29900
Peru,PER,1983,"Air transport, registered carrier departures worldwide",IS.AIR.DPRT,32400
Peru,PER,1982,"Air transport, registered carrier departures worldwide",IS.AIR.DPRT,32200
Peru,PER,1981,"Air transport, registered carrier departures worldwide",IS.AIR.DPRT,31700
Peru,PER,1980,"Air transport, registered carrier departures worldwide",IS.AIR.DPRT,32100
Peru,PER,1979,"Air transport, registered carrier departures worldwide",IS.AIR.DPRT,29900
Peru,PER,1978,"Air transport, registered carrier departures worldwide",IS.AIR.DPRT,30300
Peru,PER,1977,"Air transport, registered carrier departures worldwide",IS.AIR.DPRT,31200
Peru,PER,1976,"Air transport, registered carrier departures worldwide",IS.AIR.DPRT,30900
Peru,PER,1975,"Air transport, registered carrier departures worldwide",IS.AIR.DPRT,29300
Peru,PER,1974,"Air transport, registered carrier departures worldwide",IS.AIR.DPRT,28900
Peru,PER,1973,"Air transport, registered carrier departures worldwide",IS.AIR.DPRT,15300
Peru,PER,1972,"Air transport, registered carrier departures worldwide",IS.AIR.DPRT,15300
Peru,PER,1971,"Air transport, registered carrier departures worldwide",IS.AIR.DPRT,11800
Peru,PER,1970,"Air transport, registered carrier departures worldwide",IS.AIR.DPRT,16500
Peru,PER,2020,"Air transport, freight (million ton-km)",IS.AIR.GOOD.MT.K1,96.451838
Peru,PER,2019,"Air transport, freight (million ton-km)",IS.AIR.GOOD.MT.K1,340.335049
Peru,PER,2018,"Air transport, freight (million ton-km)",IS.AIR.GOOD.MT.K1,313.264641181
Peru,PER,2017,"Air transport, freight (million ton-km)",IS.AIR.GOOD.MT.K1,316.825703
Peru,PER,2016,"Air transport, freight (million ton-km)",IS.AIR.GOOD.MT.K1,276.1751
Peru,PER,2015,"Air transport, freight (million ton-km)",IS.AIR.GOOD.MT.K1,329.568817319152
Peru,PER,2014,"Air transport, freight (million ton-km)",IS.AIR.GOOD.MT.K1,295.31226543068
Peru,PER,2013,"Air transport, freight (million ton-km)",IS.AIR.GOOD.MT.K1,334.880485681557
Peru,PER,2012,"Air transport, freight (million ton-km)",IS.AIR.GOOD.MT.K1,122.151244
Peru,PER,2011,"Air transport, freight (million ton-km)",IS.AIR.GOOD.MT.K1,107.179094
Peru,PER,2010,"Air transport, freight (million ton-km)",IS.AIR.GOOD.MT.K1,83.5804026066418
Peru,PER,2009,"Air transport, freight (million ton-km)",IS.AIR.GOOD.MT.K1,256.939
Peru,PER,2008,"Air transport, freight (million ton-km)",IS.AIR.GOOD.MT.K1,230.125
Peru,PER,2007,"Air transport, freight (million ton-km)",IS.AIR.GOOD.MT.K1,161.576
Peru,PER,2006,"Air transport, freight (million ton-km)",IS.AIR.GOOD.MT.K1,112.233
Peru,PER,2005,"Air transport, freight (million ton-km)",IS.AIR.GOOD.MT.K1,138.691
Peru,PER,2004,"Air transport, freight (million ton-km)",IS.AIR.GOOD.MT.K1,221.044
Peru,PER,2003,"Air transport, freight (million ton-km)",IS.AIR.GOOD.MT.K1,116
Peru,PER,2002,"Air transport, freight (million ton-km)",IS.AIR.GOOD.MT.K1,100.417
Peru,PER,2001,"Air transport, freight (million ton-km)",IS.AIR.GOOD.MT.K1,117.132
Peru,PER,2000,"Air transport, freight (million ton-km)",IS.AIR.GOOD.MT.K1,53.662
Peru,PER,1999,"Air transport, freight (million ton-km)",IS.AIR.GOOD.MT.K1,6
Peru,PER,1998,"Air transport, freight (million ton-km)",IS.AIR.GOOD.MT.K1,8.6999998093
Peru,PER,1997,"Air transport, freight (million ton-km)",IS.AIR.GOOD.MT.K1,9.5
Peru,PER,1996,"Air transport, freight (million ton-km)",IS.AIR.GOOD.MT.K1,14.1000003815
Peru,PER,1995,"Air transport, freight (million ton-km)",IS.AIR.GOOD.MT.K1,34.5999984741
Peru,PER,1994,"Air transport, freight (million ton-km)",IS.AIR.GOOD.MT.K1,22.3999996185
Peru,PER,1993,"Air transport, freight (million ton-km)",IS.AIR.GOOD.MT.K1,40.0999984741
Peru,PER,1992,"Air transport, freight (million ton-km)",IS.AIR.GOOD.MT.K1,40.5
Peru,PER,1991,"Air transport, freight (million ton-km)",IS.AIR.GOOD.MT.K1,25
Peru,PER,1990,"Air transport, freight (million ton-km)",IS.AIR.GOOD.MT.K1,25.6000003815
Peru,PER,1989,"Air transport, freight (million ton-km)",IS.AIR.GOOD.MT.K1,30.2000007629
Peru,PER,1988,"Air transport, freight (million ton-km)",IS.AIR.GOOD.MT.K1,52.0999984741
Peru,PER,1987,"Air transport, freight (million ton-km)",IS.AIR.GOOD.MT.K1,78.6999969482
Peru,PER,1986,"Air transport, freight (million ton-km)",IS.AIR.GOOD.MT.K1,80.0999984741
Peru,PER,1985,"Air transport, freight (million ton-km)",IS.AIR.GOOD.MT.K1,47.4000015259
Peru,PER,1984,"Air transport, freight (million ton-km)",IS.AIR.GOOD.MT.K1,61
Peru,PER,1983,"Air transport, freight (million ton-km)",IS.AIR.GOOD.MT.K1,75.6999969482
Peru,PER,1982,"Air transport, freight (million ton-km)",IS.AIR.GOOD.MT.K1,83.3000030518
Peru,PER,1981,"Air transport, freight (million ton-km)",IS.AIR.GOOD.MT.K1,47.5999984741
Peru,PER,1980,"Air transport, freight (million ton-km)",IS.AIR.GOOD.MT.K1,40.0999984741
Peru,PER,1979,"Air transport, freight (million ton-km)",IS.AIR.GOOD.MT.K1,35.7000007629
Peru,PER,1978,"Air transport, freight (million ton-km)",IS.AIR.GOOD.MT.K1,37.7000007629
Peru,PER,1977,"Air transport, freight (million ton-km)",IS.AIR.GOOD.MT.K1,34.7999992371
Peru,PER,1976,"Air transport, freight (million ton-km)",IS.AIR.GOOD.MT.K1,25.1000003815
Peru,PER,1975,"Air transport, freight (million ton-km)",IS.AIR.GOOD.MT.K1,22.2999992371
Peru,PER,1974,"Air transport, freight (million ton-km)",IS.AIR.GOOD.MT.K1,34.4000015259
Peru,PER,1973,"Air transport, freight (million ton-km)",IS.AIR.GOOD.MT.K1,12.3000001907
Peru,PER,1972,"Air transport, freight (million ton-km)",IS.AIR.GOOD.MT.K1,15.8999996185
Peru,PER,1971,"Air transport, freight (million ton-km)",IS.AIR.GOOD.MT.K1,17.2999992371
Peru,PER,1970,"Air transport, freight (million ton-km)",IS.AIR.GOOD.MT.K1,22.3999996185
Peru,PER,2020,"Air transport, passengers carried",IS.AIR.PSGR,5705074
Peru,PER,2019,"Air transport, passengers carried",IS.AIR.PSGR,18820572
Peru,PER,2018,"Air transport, passengers carried",IS.AIR.PSGR,17758527.272
Peru,PER,2017,"Air transport, passengers carried",IS.AIR.PSGR,16094150
Peru,PER,2016,"Air transport, passengers carried",IS.AIR.PSGR,15081755
Peru,PER,2015,"Air transport, passengers carried",IS.AIR.PSGR,13877662
Peru,PER,2014,"Air transport, passengers carried",IS.AIR.PSGR,12284677
Peru,PER,2013,"Air transport, passengers carried",IS.AIR.PSGR,12255937.7629497
Peru,PER,2012,"Air transport, passengers carried",IS.AIR.PSGR,10074855.6119232
Peru,PER,2011,"Air transport, passengers carried",IS.AIR.PSGR,8609620.35441221
Peru,PER,2010,"Air transport, passengers carried",IS.AIR.PSGR,7106025.29251721
Peru,PER,2009,"Air transport, passengers carried",IS.AIR.PSGR,5843195
Peru,PER,2008,"Air transport, passengers carried",IS.AIR.PSGR,6184410
Peru,PER,2007,"Air transport, passengers carried",IS.AIR.PSGR,5273188
Peru,PER,2006,"Air transport, passengers carried",IS.AIR.PSGR,4217880
Peru,PER,2005,"Air transport, passengers carried",IS.AIR.PSGR,4332223
Peru,PER,2004,"Air transport, passengers carried",IS.AIR.PSGR,3225128
Peru,PER,2003,"Air transport, passengers carried",IS.AIR.PSGR,2226329
Peru,PER,2002,"Air transport, passengers carried",IS.AIR.PSGR,2085823
Peru,PER,2001,"Air transport, passengers carried",IS.AIR.PSGR,2248991
Peru,PER,2000,"Air transport, passengers carried",IS.AIR.PSGR,1595268
Peru,PER,1999,"Air transport, passengers carried",IS.AIR.PSGR,1900000
Peru,PER,1998,"Air transport, passengers carried",IS.AIR.PSGR,2774500
Peru,PER,1997,"Air transport, passengers carried",IS.AIR.PSGR,2724500
Peru,PER,1996,"Air transport, passengers carried",IS.AIR.PSGR,2327500
Peru,PER,1995,"Air transport, passengers carried",IS.AIR.PSGR,2508300
Peru,PER,1994,"Air transport, passengers carried",IS.AIR.PSGR,1894900
Peru,PER,1993,"Air transport, passengers carried",IS.AIR.PSGR,1362400
Peru,PER,1992,"Air transport, passengers carried",IS.AIR.PSGR,1217600
Peru,PER,1991,"Air transport, passengers carried",IS.AIR.PSGR,1490600
Peru,PER,1990,"Air transport, passengers carried",IS.AIR.PSGR,1816200
Peru,PER,1989,"Air transport, passengers carried",IS.AIR.PSGR,1854300
Peru,PER,1988,"Air transport, passengers carried",IS.AIR.PSGR,2737100
Peru,PER,1987,"Air transport, passengers carried",IS.AIR.PSGR,3009000
Peru,PER,1986,"Air transport, passengers carried",IS.AIR.PSGR,2152900
Peru,PER,1985,"Air transport, passengers carried",IS.AIR.PSGR,1563900
Peru,PER,1984,"Air transport, passengers carried",IS.AIR.PSGR,1616800
Peru,PER,1983,"Air transport, passengers carried",IS.AIR.PSGR,1698200
Peru,PER,1982,"Air transport, passengers carried",IS.AIR.PSGR,1739700
Peru,PER,1981,"Air transport, passengers carried",IS.AIR.PSGR,1777100
Peru,PER,1980,"Air transport, passengers carried",IS.AIR.PSGR,1980100
Peru,PER,1979,"Air transport, passengers carried",IS.AIR.PSGR,1686100
Peru,PER,1978,"Air transport, passengers carried",IS.AIR.PSGR,1449000
Peru,PER,1977,"Air transport, passengers carried",IS.AIR.PSGR,1425000
Peru,PER,1976,"Air transport, passengers carried",IS.AIR.PSGR,1439200
Peru,PER,1975,"Air transport, passengers carried",IS.AIR.PSGR,1335200
Peru,PER,1974,"Air transport, passengers carried",IS.AIR.PSGR,1116900
Peru,PER,1973,"Air transport, passengers carried",IS.AIR.PSGR,590000
Peru,PER,1972,"Air transport, passengers carried",IS.AIR.PSGR,525300
Peru,PER,1971,"Air transport, passengers carried",IS.AIR.PSGR,263700
Peru,PER,1970,"Air transport, passengers carried",IS.AIR.PSGR,390500
Peru,PER,1998,"Railways, goods transported (million ton-km)",IS.RRS.GOOD.MT.K6,599
Peru,PER,1997,"Railways, goods transported (million ton-km)",IS.RRS.GOOD.MT.K6,528
Peru,PER,1996,"Railways, goods transported (million ton-km)",IS.RRS.GOOD.MT.K6,453
Peru,PER,1995,"Railways, goods transported (million ton-km)",IS.RRS.GOOD.MT.K6,407
Peru,PER,1998,"Railways, passengers carried (million passenger-km)",IS.RRS.PASG.KM,127
Peru,PER,1997,"Railways, passengers carried (million passenger-km)",IS.RRS.PASG.KM,159.19
Peru,PER,1996,"Railways, passengers carried (million passenger-km)",IS.RRS.PASG.KM,172.48
Peru,PER,1998,Rail lines (total route-km),IS.RRS.TOTL.KM,1639
Peru,PER,1997,Rail lines (total route-km),IS.RRS.TOTL.KM,1691
Peru,PER,1996,Rail lines (total route-km),IS.RRS.TOTL.KM,1613
Peru,PER,1995,Rail lines (total route-km),IS.RRS.TOTL.KM,1615
Peru,PER,2020,Liner shipping connectivity index (maximum value in 2004 = 100),IS.SHP.GCNW.XQ,39.2007414528
Peru,PER,2019,Liner shipping connectivity index (maximum value in 2004 = 100),IS.SHP.GCNW.XQ,40.1547594412
Peru,PER,2018,Liner shipping connectivity index (maximum value in 2004 = 100),IS.SHP.GCNW.XQ,38.3135022682
Peru,PER,2017,Liner shipping connectivity index (maximum value in 2004 = 100),IS.SHP.GCNW.XQ,37.8635238282
Peru,PER,2016,Liner shipping connectivity index (maximum value in 2004 = 100),IS.SHP.GCNW.XQ,37.7567804228
Peru,PER,2015,Liner shipping connectivity index (maximum value in 2004 = 100),IS.SHP.GCNW.XQ,31.7130422124
Peru,PER,2014,Liner shipping connectivity index (maximum value in 2004 = 100),IS.SHP.GCNW.XQ,30.8695086756
Peru,PER,2013,Liner shipping connectivity index (maximum value in 2004 = 100),IS.SHP.GCNW.XQ,30.4951239454
Peru,PER,2012,Liner shipping connectivity index (maximum value in 2004 = 100),IS.SHP.GCNW.XQ,29.684378672
Peru,PER,2011,Liner shipping connectivity index (maximum value in 2004 = 100),IS.SHP.GCNW.XQ,30.2003654591
Peru,PER,2010,Liner shipping connectivity index (maximum value in 2004 = 100),IS.SHP.GCNW.XQ,25.8010346442
Peru,PER,2009,Liner shipping connectivity index (maximum value in 2004 = 100),IS.SHP.GCNW.XQ,21.9815154685
Peru,PER,2008,Liner shipping connectivity index (maximum value in 2004 = 100),IS.SHP.GCNW.XQ,17.4475975059
Peru,PER,2007,Liner shipping connectivity index (maximum value in 2004 = 100),IS.SHP.GCNW.XQ,17.2485586554
Peru,PER,2006,Liner shipping connectivity index (maximum value in 2004 = 100),IS.SHP.GCNW.XQ,18.3577227318
Peru,PER,2020,Container port traffic (TEU: 20 foot equivalent units),IS.SHP.GOOD.TU,2601411
Peru,PER,2019,Container port traffic (TEU: 20 foot equivalent units),IS.SHP.GOOD.TU,2634623
Peru,PER,2018,Container port traffic (TEU: 20 foot equivalent units),IS.SHP.GOOD.TU,2667974
Peru,PER,2017,Container port traffic (TEU: 20 foot equivalent units),IS.SHP.GOOD.TU,2540960
Peru,PER,2016,Container port traffic (TEU: 20 foot equivalent units),IS.SHP.GOOD.TU,2321583
Peru,PER,2015,Container port traffic (TEU: 20 foot equivalent units),IS.SHP.GOOD.TU,2158722
Peru,PER,2014,Container port traffic (TEU: 20 foot equivalent units),IS.SHP.GOOD.TU,2221825
Peru,PER,2013,Container port traffic (TEU: 20 foot equivalent units),IS.SHP.GOOD.TU,2045265
Peru,PER,2012,Container port traffic (TEU: 20 foot equivalent units),IS.SHP.GOOD.TU,2009700
Peru,PER,2011,Container port traffic (TEU: 20 foot equivalent units),IS.SHP.GOOD.TU,1827923
Peru,PER,2010,Container port traffic (TEU: 20 foot equivalent units),IS.SHP.GOOD.TU,1522741
Peru,PER,2009,Container port traffic (TEU: 20 foot equivalent units),IS.SHP.GOOD.TU,1232849
Peru,PER,2008,Container port traffic (TEU: 20 foot equivalent units),IS.SHP.GOOD.TU,1235326
Peru,PER,2007,Container port traffic (TEU: 20 foot equivalent units),IS.SHP.GOOD.TU,1177925
Peru,PER,2006,Container port traffic (TEU: 20 foot equivalent units),IS.SHP.GOOD.TU,1087263
Peru,PER,2005,Container port traffic (TEU: 20 foot equivalent units),IS.SHP.GOOD.TU,991681
Peru,PER,2004,Container port traffic (TEU: 20 foot equivalent units),IS.SHP.GOOD.TU,695577
Peru,PER,2003,Container port traffic (TEU: 20 foot equivalent units),IS.SHP.GOOD.TU,627011
Peru,PER,2002,Container port traffic (TEU: 20 foot equivalent units),IS.SHP.GOOD.TU,631760
Peru,PER,2001,Container port traffic (TEU: 20 foot equivalent units),IS.SHP.GOOD.TU,537554
Peru,PER,2000,Container port traffic (TEU: 20 foot equivalent units),IS.SHP.GOOD.TU,460631
Peru,PER,2018,Mobile cellular subscriptions,IT.CEL.SETS,42154771
Peru,PER,2017,Mobile cellular subscriptions,IT.CEL.SETS,38915386
Peru,PER,2016,Mobile cellular subscriptions,IT.CEL.SETS,36933161
Peru,PER,2015,Mobile cellular subscriptions,IT.CEL.SETS,34235810
Peru,PER,2014,Mobile cellular subscriptions,IT.CEL.SETS,31880043
Peru,PER,2013,Mobile cellular subscriptions,IT.CEL.SETS,29793297
Peru,PER,2012,Mobile cellular subscriptions,IT.CEL.SETS,29388077
Peru,PER,2011,Mobile cellular subscriptions,IT.CEL.SETS,32461415
Peru,PER,2010,Mobile cellular subscriptions,IT.CEL.SETS,29115149
Peru,PER,2009,Mobile cellular subscriptions,IT.CEL.SETS,24700361
Peru,PER,2008,Mobile cellular subscriptions,IT.CEL.SETS,20951834
Peru,PER,2007,Mobile cellular subscriptions,IT.CEL.SETS,15417247
Peru,PER,2006,Mobile cellular subscriptions,IT.CEL.SETS,9120000
Peru,PER,2005,Mobile cellular subscriptions,IT.CEL.SETS,5583356
Peru,PER,2004,Mobile cellular subscriptions,IT.CEL.SETS,4092558
Peru,PER,2003,Mobile cellular subscriptions,IT.CEL.SETS,2930343
Peru,PER,2002,Mobile cellular subscriptions,IT.CEL.SETS,2306943
Peru,PER,2001,Mobile cellular subscriptions,IT.CEL.SETS,1793284
Peru,PER,2000,Mobile cellular subscriptions,IT.CEL.SETS,1273857
Peru,PER,1999,Mobile cellular subscriptions,IT.CEL.SETS,1013314
Peru,PER,1998,Mobile cellular subscriptions,IT.CEL.SETS,742642
Peru,PER,1997,Mobile cellular subscriptions,IT.CEL.SETS,421814
Peru,PER,1996,Mobile cellular subscriptions,IT.CEL.SETS,200972
Peru,PER,1995,Mobile cellular subscriptions,IT.CEL.SETS,73543
Peru,PER,1994,Mobile cellular subscriptions,IT.CEL.SETS,52200
Peru,PER,1993,Mobile cellular subscriptions,IT.CEL.SETS,36300
Peru,PER,1992,Mobile cellular subscriptions,IT.CEL.SETS,21550
Peru,PER,1991,Mobile cellular subscriptions,IT.CEL.SETS,5700
Peru,PER,1990,Mobile cellular subscriptions,IT.CEL.SETS,1650
Peru,PER,1989,Mobile cellular subscriptions,IT.CEL.SETS,0
Peru,PER,1988,Mobile cellular subscriptions,IT.CEL.SETS,0
Peru,PER,1987,Mobile cellular subscriptions,IT.CEL.SETS,0
Peru,PER,1986,Mobile cellular subscriptions,IT.CEL.SETS,0
Peru,PER,1985,Mobile cellular subscriptions,IT.CEL.SETS,0
Peru,PER,1984,Mobile cellular subscriptions,IT.CEL.SETS,0
Peru,PER,1983,Mobile cellular subscriptions,IT.CEL.SETS,0
Peru,PER,1982,Mobile cellular subscriptions,IT.CEL.SETS,0
Peru,PER,1981,Mobile cellular subscriptions,IT.CEL.SETS,0
Peru,PER,1980,Mobile cellular subscriptions,IT.CEL.SETS,0
Peru,PER,1979,Mobile cellular subscriptions,IT.CEL.SETS,0
Peru,PER,1978,Mobile cellular subscriptions,IT.CEL.SETS,0
Peru,PER,1977,Mobile cellular subscriptions,IT.CEL.SETS,0
Peru,PER,1976,Mobile cellular subscriptions,IT.CEL.SETS,0
Peru,PER,1975,Mobile cellular subscriptions,IT.CEL.SETS,0
Peru,PER,1970,Mobile cellular subscriptions,IT.CEL.SETS,0
Peru,PER,1965,Mobile cellular subscriptions,IT.CEL.SETS,0
Peru,PER,1960,Mobile cellular subscriptions,IT.CEL.SETS,0
Peru,PER,2018,Mobile cellular subscriptions (per 100 people),IT.CEL.SETS.P2,131.7778873
Peru,PER,2017,Mobile cellular subscriptions (per 100 people),IT.CEL.SETS.P2,123.7597545
Peru,PER,2016,Mobile cellular subscriptions (per 100 people),IT.CEL.SETS.P2,119.4241828
Peru,PER,2015,Mobile cellular subscriptions (per 100 people),IT.CEL.SETS.P2,112.3563679
Peru,PER,2014,Mobile cellular subscriptions (per 100 people),IT.CEL.SETS.P2,105.9476991
Peru,PER,2013,Mobile cellular subscriptions (per 100 people),IT.CEL.SETS.P2,100.0648553
Peru,PER,2012,Mobile cellular subscriptions (per 100 people),IT.CEL.SETS.P2,99.5976824
Peru,PER,2011,Mobile cellular subscriptions (per 100 people),IT.CEL.SETS.P2,110.9248984
Peru,PER,2010,Mobile cellular subscriptions (per 100 people),IT.CEL.SETS.P2,100.3013504
Peru,PER,2009,Mobile cellular subscriptions (per 100 people),IT.CEL.SETS.P2,85.78702103
Peru,PER,2008,Mobile cellular subscriptions (per 100 people),IT.CEL.SETS.P2,73.35481222
Peru,PER,2007,Mobile cellular subscriptions (per 100 people),IT.CEL.SETS.P2,54.41435324
Peru,PER,2006,Mobile cellular subscriptions (per 100 people),IT.CEL.SETS.P2,32.45314151
Peru,PER,2005,Mobile cellular subscriptions (per 100 people),IT.CEL.SETS.P2,20.03634159
Peru,PER,2004,Mobile cellular subscriptions (per 100 people),IT.CEL.SETS.P2,14.81511166
Peru,PER,2003,Mobile cellular subscriptions (per 100 people),IT.CEL.SETS.P2,10.70553414
Peru,PER,2002,Mobile cellular subscriptions (per 100 people),IT.CEL.SETS.P2,8.512400738
Peru,PER,2001,Mobile cellular subscriptions (per 100 people),IT.CEL.SETS.P2,6.691536733
Peru,PER,2000,Mobile cellular subscriptions (per 100 people),IT.CEL.SETS.P2,4.814284565
Peru,PER,1999,Mobile cellular subscriptions (per 100 people),IT.CEL.SETS.P2,3.885660768
Peru,PER,1998,Mobile cellular subscriptions (per 100 people),IT.CEL.SETS.P2,2.894380721
Peru,PER,1997,Mobile cellular subscriptions (per 100 people),IT.CEL.SETS.P2,1.673137796
Peru,PER,1996,Mobile cellular subscriptions (per 100 people),IT.CEL.SETS.P2,0.811882641
Peru,PER,1995,Mobile cellular subscriptions (per 100 people),IT.CEL.SETS.P2,0.302656553
Peru,PER,1994,Mobile cellular subscriptions (per 100 people),IT.CEL.SETS.P2,0.218855004
Peru,PER,1993,Mobile cellular subscriptions (per 100 people),IT.CEL.SETS.P2,0.15507432
Peru,PER,1992,Mobile cellular subscriptions (per 100 people),IT.CEL.SETS.P2,0.093831022
Peru,PER,1991,Mobile cellular subscriptions (per 100 people),IT.CEL.SETS.P2,0.025308162
Peru,PER,1990,Mobile cellular subscriptions (per 100 people),IT.CEL.SETS.P2,0.007475727
Peru,PER,1989,Mobile cellular subscriptions (per 100 people),IT.CEL.SETS.P2,0
Peru,PER,1988,Mobile cellular subscriptions (per 100 people),IT.CEL.SETS.P2,0
Peru,PER,1987,Mobile cellular subscriptions (per 100 people),IT.CEL.SETS.P2,0
Peru,PER,1986,Mobile cellular subscriptions (per 100 people),IT.CEL.SETS.P2,0
Peru,PER,1985,Mobile cellular subscriptions (per 100 people),IT.CEL.SETS.P2,0
Peru,PER,1984,Mobile cellular subscriptions (per 100 people),IT.CEL.SETS.P2,0
Peru,PER,1983,Mobile cellular subscriptions (per 100 people),IT.CEL.SETS.P2,0
Peru,PER,1982,Mobile cellular subscriptions (per 100 people),IT.CEL.SETS.P2,0
Peru,PER,1981,Mobile cellular subscriptions (per 100 people),IT.CEL.SETS.P2,0
Peru,PER,1980,Mobile cellular subscriptions (per 100 people),IT.CEL.SETS.P2,0
Peru,PER,1979,Mobile cellular subscriptions (per 100 people),IT.CEL.SETS.P2,0
Peru,PER,1978,Mobile cellular subscriptions (per 100 people),IT.CEL.SETS.P2,0
Peru,PER,1977,Mobile cellular subscriptions (per 100 people),IT.CEL.SETS.P2,0
Peru,PER,1976,Mobile cellular subscriptions (per 100 people),IT.CEL.SETS.P2,0
Peru,PER,1975,Mobile cellular subscriptions (per 100 people),IT.CEL.SETS.P2,0
Peru,PER,1970,Mobile cellular subscriptions (per 100 people),IT.CEL.SETS.P2,0
Peru,PER,1965,Mobile cellular subscriptions (per 100 people),IT.CEL.SETS.P2,0
Peru,PER,1960,Mobile cellular subscriptions (per 100 people),IT.CEL.SETS.P2,0
Peru,PER,2018,Fixed telephone subscriptions,IT.MLT.MAIN,2728617
Peru,PER,2017,Fixed telephone subscriptions,IT.MLT.MAIN,3082036
Peru,PER,2016,Fixed telephone subscriptions,IT.MLT.MAIN,3074464
Peru,PER,2015,Fixed telephone subscriptions,IT.MLT.MAIN,2911495
Peru,PER,2014,Fixed telephone subscriptions,IT.MLT.MAIN,3032556
Peru,PER,2013,Fixed telephone subscriptions,IT.MLT.MAIN,3205894
Peru,PER,2012,Fixed telephone subscriptions,IT.MLT.MAIN,3415478
Peru,PER,2011,Fixed telephone subscriptions,IT.MLT.MAIN,3250444
Peru,PER,2010,Fixed telephone subscriptions,IT.MLT.MAIN,3159884
Peru,PER,2009,Fixed telephone subscriptions,IT.MLT.MAIN,3548609
Peru,PER,2008,Fixed telephone subscriptions,IT.MLT.MAIN,3075428
Peru,PER,2007,Fixed telephone subscriptions,IT.MLT.MAIN,2844309
Peru,PER,2006,Fixed telephone subscriptions,IT.MLT.MAIN,2559232
Peru,PER,2005,Fixed telephone subscriptions,IT.MLT.MAIN,2402626
Peru,PER,2004,Fixed telephone subscriptions,IT.MLT.MAIN,2193599
Peru,PER,2003,Fixed telephone subscriptions,IT.MLT.MAIN,1839165
Peru,PER,2002,Fixed telephone subscriptions,IT.MLT.MAIN,1656624
Peru,PER,2001,Fixed telephone subscriptions,IT.MLT.MAIN,1570956
Peru,PER,2000,Fixed telephone subscriptions,IT.MLT.MAIN,1717117
Peru,PER,1999,Fixed telephone subscriptions,IT.MLT.MAIN,1688000
Peru,PER,1998,Fixed telephone subscriptions,IT.MLT.MAIN,1555093
Peru,PER,1997,Fixed telephone subscriptions,IT.MLT.MAIN,1645920
Peru,PER,1996,Fixed telephone subscriptions,IT.MLT.MAIN,1435147
Peru,PER,1995,Fixed telephone subscriptions,IT.MLT.MAIN,1109231
Peru,PER,1994,Fixed telephone subscriptions,IT.MLT.MAIN,772390
Peru,PER,1993,Fixed telephone subscriptions,IT.MLT.MAIN,673021
Peru,PER,1992,Fixed telephone subscriptions,IT.MLT.MAIN,613711
Peru,PER,1991,Fixed telephone subscriptions,IT.MLT.MAIN,539914
Peru,PER,1990,Fixed telephone subscriptions,IT.MLT.MAIN,564504
Peru,PER,1989,Fixed telephone subscriptions,IT.MLT.MAIN,530674
Peru,PER,1988,Fixed telephone subscriptions,IT.MLT.MAIN,489400
Peru,PER,1987,Fixed telephone subscriptions,IT.MLT.MAIN,454100
Peru,PER,1986,Fixed telephone subscriptions,IT.MLT.MAIN,445317
Peru,PER,1985,Fixed telephone subscriptions,IT.MLT.MAIN,412819
Peru,PER,1984,Fixed telephone subscriptions,IT.MLT.MAIN,384281
Peru,PER,1983,Fixed telephone subscriptions,IT.MLT.MAIN,361620
Peru,PER,1982,Fixed telephone subscriptions,IT.MLT.MAIN,331497
Peru,PER,1981,Fixed telephone subscriptions,IT.MLT.MAIN,321651
Peru,PER,1980,Fixed telephone subscriptions,IT.MLT.MAIN,302815
Peru,PER,1979,Fixed telephone subscriptions,IT.MLT.MAIN,287000
Peru,PER,1978,Fixed telephone subscriptions,IT.MLT.MAIN,279800
Peru,PER,1977,Fixed telephone subscriptions,IT.MLT.MAIN,267300
Peru,PER,1976,Fixed telephone subscriptions,IT.MLT.MAIN,254000
Peru,PER,1975,Fixed telephone subscriptions,IT.MLT.MAIN,239000
Peru,PER,1974,Fixed telephone subscriptions,IT.MLT.MAIN,140000
Peru,PER,1973,Fixed telephone subscriptions,IT.MLT.MAIN,140000
Peru,PER,1972,Fixed telephone subscriptions,IT.MLT.MAIN,140000
Peru,PER,1971,Fixed telephone subscriptions,IT.MLT.MAIN,140000
Peru,PER,1970,Fixed telephone subscriptions,IT.MLT.MAIN,140000
Peru,PER,1969,Fixed telephone subscriptions,IT.MLT.MAIN,83000
Peru,PER,1968,Fixed telephone subscriptions,IT.MLT.MAIN,83000
Peru,PER,1967,Fixed telephone subscriptions,IT.MLT.MAIN,83000
Peru,PER,1966,Fixed telephone subscriptions,IT.MLT.MAIN,83000
Peru,PER,1965,Fixed telephone subscriptions,IT.MLT.MAIN,83000
Peru,PER,2018,Fixed telephone subscriptions (per 100 people),IT.MLT.MAIN.P2,8.529790936
Peru,PER,2017,Fixed telephone subscriptions (per 100 people),IT.MLT.MAIN.P2,9.801573564
Peru,PER,2016,Fixed telephone subscriptions (per 100 people),IT.MLT.MAIN.P2,9.941346501
Peru,PER,2015,Fixed telephone subscriptions (per 100 people),IT.MLT.MAIN.P2,9.555053712
Peru,PER,2014,Fixed telephone subscriptions (per 100 people),IT.MLT.MAIN.P2,10.0781649
Peru,PER,2013,Fixed telephone subscriptions (per 100 people),IT.MLT.MAIN.P2,10.76743266
Peru,PER,2012,Fixed telephone subscriptions (per 100 people),IT.MLT.MAIN.P2,11.57522805
Peru,PER,2011,Fixed telephone subscriptions (per 100 people),IT.MLT.MAIN.P2,11.10719204
Peru,PER,2010,Fixed telephone subscriptions (per 100 people),IT.MLT.MAIN.P2,10.8857637
Peru,PER,2009,Fixed telephone subscriptions (per 100 people),IT.MLT.MAIN.P2,12.32470225
Peru,PER,2008,Fixed telephone subscriptions (per 100 people),IT.MLT.MAIN.P2,10.76743179
Peru,PER,2007,Fixed telephone subscriptions (per 100 people),IT.MLT.MAIN.P2,10.03883733
Peru,PER,2006,Fixed telephone subscriptions (per 100 people),IT.MLT.MAIN.P2,9.10692086
Peru,PER,2005,Fixed telephone subscriptions (per 100 people),IT.MLT.MAIN.P2,8.622025041
Peru,PER,2004,Fixed telephone subscriptions (per 100 people),IT.MLT.MAIN.P2,7.940856089
Peru,PER,2003,Fixed telephone subscriptions (per 100 people),IT.MLT.MAIN.P2,6.719091827
Peru,PER,2002,Fixed telephone subscriptions (per 100 people),IT.MLT.MAIN.P2,6.112785344
Peru,PER,2001,Fixed telephone subscriptions (per 100 people),IT.MLT.MAIN.P2,5.861932511
Peru,PER,2000,Fixed telephone subscriptions (per 100 people),IT.MLT.MAIN.P2,6.489495972
Peru,PER,1999,Fixed telephone subscriptions (per 100 people),IT.MLT.MAIN.P2,6.4728163
Peru,PER,1998,Fixed telephone subscriptions (per 100 people),IT.MLT.MAIN.P2,6.060835772
Peru,PER,1997,Fixed telephone subscriptions (per 100 people),IT.MLT.MAIN.P2,6.528590707
Peru,PER,1996,Fixed telephone subscriptions (per 100 people),IT.MLT.MAIN.P2,5.797677967
Peru,PER,1995,Fixed telephone subscriptions (per 100 people),IT.MLT.MAIN.P2,4.564894424
Peru,PER,1994,Fixed telephone subscriptions (per 100 people),IT.MLT.MAIN.P2,3.238341317
Peru,PER,1993,Fixed telephone subscriptions (per 100 people),IT.MLT.MAIN.P2,2.875159063
Peru,PER,1992,Fixed telephone subscriptions (per 100 people),IT.MLT.MAIN.P2,2.672163815
Peru,PER,1991,Fixed telephone subscriptions (per 100 people),IT.MLT.MAIN.P2,2.397233543
Peru,PER,1990,Fixed telephone subscriptions (per 100 people),IT.MLT.MAIN.P2,2.557622788
Peru,PER,1989,Fixed telephone subscriptions (per 100 people),IT.MLT.MAIN.P2,2.455210796
Peru,PER,1988,Fixed telephone subscriptions (per 100 people),IT.MLT.MAIN.P2,2.313569615
Peru,PER,1987,Fixed telephone subscriptions (per 100 people),IT.MLT.MAIN.P2,2.194643996
Peru,PER,1986,Fixed telephone subscriptions (per 100 people),IT.MLT.MAIN.P2,2.201228607
Peru,PER,1985,Fixed telephone subscriptions (per 100 people),IT.MLT.MAIN.P2,2.087804948
Peru,PER,1984,Fixed telephone subscriptions (per 100 people),IT.MLT.MAIN.P2,1.989058241
Peru,PER,1983,Fixed telephone subscriptions (per 100 people),IT.MLT.MAIN.P2,1.916274358
Peru,PER,1982,Fixed telephone subscriptions (per 100 people),IT.MLT.MAIN.P2,1.799031445
Peru,PER,1981,Fixed telephone subscriptions (per 100 people),IT.MLT.MAIN.P2,1.788401288
Peru,PER,1980,Fixed telephone subscriptions (per 100 people),IT.MLT.MAIN.P2,1.725676602
Peru,PER,1979,Fixed telephone subscriptions (per 100 people),IT.MLT.MAIN.P2,1.677049571
Peru,PER,1978,Fixed telephone subscriptions (per 100 people),IT.MLT.MAIN.P2,1.677110546
Peru,PER,1977,Fixed telephone subscriptions (per 100 people),IT.MLT.MAIN.P2,1.644081206
Peru,PER,1976,Fixed telephone subscriptions (per 100 people),IT.MLT.MAIN.P2,1.603679928
Peru,PER,1975,Fixed telephone subscriptions (per 100 people),IT.MLT.MAIN.P2,1.549458455
Peru,PER,1974,Fixed telephone subscriptions (per 100 people),IT.MLT.MAIN.P2,1.04013
Peru,PER,1973,Fixed telephone subscriptions (per 100 people),IT.MLT.MAIN.P2,1.04013
Peru,PER,1972,Fixed telephone subscriptions (per 100 people),IT.MLT.MAIN.P2,1.04013
Peru,PER,1971,Fixed telephone subscriptions (per 100 people),IT.MLT.MAIN.P2,1.04013
Peru,PER,1970,Fixed telephone subscriptions (per 100 people),IT.MLT.MAIN.P2,1.04013479
Peru,PER,1969,Fixed telephone subscriptions (per 100 people),IT.MLT.MAIN.P2,0.708712
Peru,PER,1968,Fixed telephone subscriptions (per 100 people),IT.MLT.MAIN.P2,0.708712
Peru,PER,1967,Fixed telephone subscriptions (per 100 people),IT.MLT.MAIN.P2,0.708712
Peru,PER,1966,Fixed telephone subscriptions (per 100 people),IT.MLT.MAIN.P2,0.708712
Peru,PER,1965,Fixed telephone subscriptions (per 100 people),IT.MLT.MAIN.P2,0.708711654
Peru,PER,2018,Fixed broadband subscriptions,IT.NET.BBND,2536077
Peru,PER,2017,Fixed broadband subscriptions,IT.NET.BBND,2310217
Peru,PER,2016,Fixed broadband subscriptions,IT.NET.BBND,2120762
Peru,PER,2015,Fixed broadband subscriptions,IT.NET.BBND,1999459
Peru,PER,2014,Fixed broadband subscriptions,IT.NET.BBND,1767057
Peru,PER,2013,Fixed broadband subscriptions,IT.NET.BBND,1612812
Peru,PER,2012,Fixed broadband subscriptions,IT.NET.BBND,1442784
Peru,PER,2011,Fixed broadband subscriptions,IT.NET.BBND,1211767
Peru,PER,2010,Fixed broadband subscriptions,IT.NET.BBND,932503
Peru,PER,2009,Fixed broadband subscriptions,IT.NET.BBND,827663
Peru,PER,2008,Fixed broadband subscriptions,IT.NET.BBND,725563
Peru,PER,2007,Fixed broadband subscriptions,IT.NET.BBND,570218
Peru,PER,2006,Fixed broadband subscriptions,IT.NET.BBND,484899
Peru,PER,2005,Fixed broadband subscriptions,IT.NET.BBND,352622
Peru,PER,2004,Fixed broadband subscriptions,IT.NET.BBND,227610
Peru,PER,2003,Fixed broadband subscriptions,IT.NET.BBND,93908
Peru,PER,2002,Fixed broadband subscriptions,IT.NET.BBND,37401
Peru,PER,2001,Fixed broadband subscriptions,IT.NET.BBND,1078
Peru,PER,2000,Fixed broadband subscriptions,IT.NET.BBND,1078
Peru,PER,1999,Fixed broadband subscriptions,IT.NET.BBND,75
Peru,PER,2018,Fixed broadband subscriptions (per 100 people),IT.NET.BBND.P2,7.927901427
Peru,PER,2017,Fixed broadband subscriptions (per 100 people),IT.NET.BBND.P2,7.347014075
Peru,PER,2016,Fixed broadband subscriptions (per 100 people),IT.NET.BBND.P2,6.857530252
Peru,PER,2015,Fixed broadband subscriptions (per 100 people),IT.NET.BBND.P2,6.56189969
Peru,PER,2014,Fixed broadband subscriptions (per 100 people),IT.NET.BBND.P2,5.872502219
Peru,PER,2013,Fixed broadband subscriptions (per 100 people),IT.NET.BBND.P2,5.416849279
Peru,PER,2012,Fixed broadband subscriptions (per 100 people),IT.NET.BBND.P2,4.889668099
Peru,PER,2011,Fixed broadband subscriptions (per 100 people),IT.NET.BBND.P2,4.14076624
Peru,PER,2010,Fixed broadband subscriptions (per 100 people),IT.NET.BBND.P2,3.212462011
Peru,PER,2009,Fixed broadband subscriptions (per 100 people),IT.NET.BBND.P2,2.874562974
Peru,PER,2008,Fixed broadband subscriptions (per 100 people),IT.NET.BBND.P2,2.540280608
Peru,PER,2007,Fixed broadband subscriptions (per 100 people),IT.NET.BBND.P2,2.012554101
Peru,PER,2006,Fixed broadband subscriptions (per 100 people),IT.NET.BBND.P2,1.725492967
Peru,PER,2005,Fixed broadband subscriptions (per 100 people),IT.NET.BBND.P2,1.265413641
Peru,PER,2004,Fixed broadband subscriptions (per 100 people),IT.NET.BBND.P2,0.823951075
Peru,PER,2003,Fixed broadband subscriptions (per 100 people),IT.NET.BBND.P2,0.343077688
Peru,PER,2002,Fixed broadband subscriptions (per 100 people),IT.NET.BBND.P2,0.138006141
Peru,PER,2000,Fixed broadband subscriptions (per 100 people),IT.NET.BBND.P2,0.004074083
Peru,PER,1999,Fixed broadband subscriptions (per 100 people),IT.NET.BBND.P2,0.000287596
Peru,PER,2020,Secure Internet servers,IT.NET.SECR,15020
Peru,PER,2019,Secure Internet servers,IT.NET.SECR,12505
Peru,PER,2018,Secure Internet servers,IT.NET.SECR,8232
Peru,PER,2017,Secure Internet servers,IT.NET.SECR,6873
Peru,PER,2016,Secure Internet servers,IT.NET.SECR,2243
Peru,PER,2015,Secure Internet servers,IT.NET.SECR,1412
Peru,PER,2014,Secure Internet servers,IT.NET.SECR,1130
Peru,PER,2013,Secure Internet servers,IT.NET.SECR,872
Peru,PER,2012,Secure Internet servers,IT.NET.SECR,731
Peru,PER,2011,Secure Internet servers,IT.NET.SECR,433
Peru,PER,2010,Secure Internet servers,IT.NET.SECR,301
Peru,PER,2020,Secure Internet servers (per 1 million people),IT.NET.SECR.P6,455.540159929171
Peru,PER,2019,Secure Internet servers (per 1 million people),IT.NET.SECR.P6,384.645410452795
Peru,PER,2018,Secure Internet servers (per 1 million people),IT.NET.SECR.P6,257.336328296383
Peru,PER,2017,Secure Internet servers (per 1 million people),IT.NET.SECR.P6,218.576982746539
Peru,PER,2016,Secure Internet servers (per 1 million people),IT.NET.SECR.P6,72.5278855654181
Peru,PER,2015,Secure Internet servers (per 1 million people),IT.NET.SECR.P6,46.3395390574544
Peru,PER,2014,Secure Internet servers (per 1 million people),IT.NET.SECR.P6,37.5535403816211
Peru,PER,2013,Secure Internet servers (per 1 million people),IT.NET.SECR.P6,29.2873114133929
Peru,PER,2012,Secure Internet servers (per 1 million people),IT.NET.SECR.P6,24.7739588074474
Peru,PER,2011,Secure Internet servers (per 1 million people),IT.NET.SECR.P6,14.7961780344484
Peru,PER,2010,Secure Internet servers (per 1 million people),IT.NET.SECR.P6,10.3694129189794
Peru,PER,2020,Individuals using the Internet (% of population),IT.NET.USER.ZS,65.25179879
Peru,PER,2019,Individuals using the Internet (% of population),IT.NET.USER.ZS,59.95050106
Peru,PER,2018,Individuals using the Internet (% of population),IT.NET.USER.ZS,55.05433424
Peru,PER,2017,Individuals using the Internet (% of population),IT.NET.USER.ZS,50.45041218
Peru,PER,2016,Individuals using the Internet (% of population),IT.NET.USER.ZS,45.46174069
Peru,PER,2015,Individuals using the Internet (% of population),IT.NET.USER.ZS,40.85260091
Peru,PER,2014,Individuals using the Internet (% of population),IT.NET.USER.ZS,40.2
Peru,PER,2013,Individuals using the Internet (% of population),IT.NET.USER.ZS,39.2
Peru,PER,2012,Individuals using the Internet (% of population),IT.NET.USER.ZS,38.2
Peru,PER,2011,Individuals using the Internet (% of population),IT.NET.USER.ZS,36.01
Peru,PER,2010,Individuals using the Internet (% of population),IT.NET.USER.ZS,34.77
Peru,PER,2009,Individuals using the Internet (% of population),IT.NET.USER.ZS,31.4
Peru,PER,2008,Individuals using the Internet (% of population),IT.NET.USER.ZS,30.57
Peru,PER,2007,Individuals using the Internet (% of population),IT.NET.USER.ZS,25.2
Peru,PER,2006,Individuals using the Internet (% of population),IT.NET.USER.ZS,20.7
Peru,PER,2005,Individuals using the Internet (% of population),IT.NET.USER.ZS,17.1
Peru,PER,2004,Individuals using the Internet (% of population),IT.NET.USER.ZS,14.1
Peru,PER,2003,Individuals using the Internet (% of population),IT.NET.USER.ZS,11.6
Peru,PER,2002,Individuals using the Internet (% of population),IT.NET.USER.ZS,8.96694917
Peru,PER,2001,Individuals using the Internet (% of population),IT.NET.USER.ZS,7.578762957
Peru,PER,2000,Individuals using the Internet (% of population),IT.NET.USER.ZS,3.076430611
Peru,PER,1999,Individuals using the Internet (% of population),IT.NET.USER.ZS,1.952497608
Peru,PER,1998,Individuals using the Internet (% of population),IT.NET.USER.ZS,1.19038044
Peru,PER,1997,Individuals using the Internet (% of population),IT.NET.USER.ZS,0.403429701
Peru,PER,1996,Individuals using the Internet (% of population),IT.NET.USER.ZS,0.24623258
Peru,PER,1995,Individuals using the Internet (% of population),IT.NET.USER.ZS,0.033412305
Peru,PER,1994,Individuals using the Internet (% of population),IT.NET.USER.ZS,0.008504578
Peru,PER,1993,Individuals using the Internet (% of population),IT.NET.USER.ZS,0
Peru,PER,1992,Individuals using the Internet (% of population),IT.NET.USER.ZS,0
Peru,PER,1991,Individuals using the Internet (% of population),IT.NET.USER.ZS,0
Peru,PER,1990,Individuals using the Internet (% of population),IT.NET.USER.ZS,0
Peru,PER,2019,ICT goods imports (% total goods imports),TM.VAL.ICTG.ZS.UN,8.3293484186
Peru,PER,2018,ICT goods imports (% total goods imports),TM.VAL.ICTG.ZS.UN,8.3123912628
Peru,PER,2017,ICT goods imports (% total goods imports),TM.VAL.ICTG.ZS.UN,8.8626645875
Peru,PER,2016,ICT goods imports (% total goods imports),TM.VAL.ICTG.ZS.UN,9.6930099072
Peru,PER,2015,ICT goods imports (% total goods imports),TM.VAL.ICTG.ZS.UN,9.5772788271
Peru,PER,2014,ICT goods imports (% total goods imports),TM.VAL.ICTG.ZS.UN,8.9988681443
Peru,PER,2013,ICT goods imports (% total goods imports),TM.VAL.ICTG.ZS.UN,7.8463618772
Peru,PER,2012,ICT goods imports (% total goods imports),TM.VAL.ICTG.ZS.UN,7.8364502237
Peru,PER,2011,ICT goods imports (% total goods imports),TM.VAL.ICTG.ZS.UN,7.4250589735
Peru,PER,2010,ICT goods imports (% total goods imports),TM.VAL.ICTG.ZS.UN,7.4966482483
Peru,PER,2009,ICT goods imports (% total goods imports),TM.VAL.ICTG.ZS.UN,7.6837828827
Peru,PER,2008,ICT goods imports (% total goods imports),TM.VAL.ICTG.ZS.UN,7.7954459291
Peru,PER,2007,ICT goods imports (% total goods imports),TM.VAL.ICTG.ZS.UN,7.1007519694
Peru,PER,2006,ICT goods imports (% total goods imports),TM.VAL.ICTG.ZS.UN,8.6595165498
Peru,PER,2005,ICT goods imports (% total goods imports),TM.VAL.ICTG.ZS.UN,8.3534496758
Peru,PER,2004,ICT goods imports (% total goods imports),TM.VAL.ICTG.ZS.UN,8.7552766823
Peru,PER,2003,ICT goods imports (% total goods imports),TM.VAL.ICTG.ZS.UN,8.8965111816
Peru,PER,2002,ICT goods imports (% total goods imports),TM.VAL.ICTG.ZS.UN,8.1684907207
Peru,PER,2001,ICT goods imports (% total goods imports),TM.VAL.ICTG.ZS.UN,9.2953551879
Peru,PER,2000,ICT goods imports (% total goods imports),TM.VAL.ICTG.ZS.UN,8.8913397644
Peru,PER,2019,ICT goods exports (% of total goods exports),TX.VAL.ICTG.ZS.UN,0.0592227798
Peru,PER,2018,ICT goods exports (% of total goods exports),TX.VAL.ICTG.ZS.UN,0.0752620584
Peru,PER,2017,ICT goods exports (% of total goods exports),TX.VAL.ICTG.ZS.UN,0.0909301935
Peru,PER,2016,ICT goods exports (% of total goods exports),TX.VAL.ICTG.ZS.UN,0.0965016407
Peru,PER,2015,ICT goods exports (% of total goods exports),TX.VAL.ICTG.ZS.UN,0.1511728031
Peru,PER,2014,ICT goods exports (% of total goods exports),TX.VAL.ICTG.ZS.UN,0.0969597567
Peru,PER,2013,ICT goods exports (% of total goods exports),TX.VAL.ICTG.ZS.UN,0.123431103
Peru,PER,2012,ICT goods exports (% of total goods exports),TX.VAL.ICTG.ZS.UN,0.0773687087
Peru,PER,2011,ICT goods exports (% of total goods exports),TX.VAL.ICTG.ZS.UN,0.0546266848
Peru,PER,2010,ICT goods exports (% of total goods exports),TX.VAL.ICTG.ZS.UN,0.0803906848
Peru,PER,2009,ICT goods exports (% of total goods exports),TX.VAL.ICTG.ZS.UN,0.0945672061
Peru,PER,2008,ICT goods exports (% of total goods exports),TX.VAL.ICTG.ZS.UN,0.050131718
Peru,PER,2007,ICT goods exports (% of total goods exports),TX.VAL.ICTG.ZS.UN,0.0380203799
Peru,PER,2006,ICT goods exports (% of total goods exports),TX.VAL.ICTG.ZS.UN,0.0501985812
Peru,PER,2005,ICT goods exports (% of total goods exports),TX.VAL.ICTG.ZS.UN,0.2413509644
Peru,PER,2004,ICT goods exports (% of total goods exports),TX.VAL.ICTG.ZS.UN,0.1469339859
Peru,PER,2003,ICT goods exports (% of total goods exports),TX.VAL.ICTG.ZS.UN,0.1282904408
Peru,PER,2002,ICT goods exports (% of total goods exports),TX.VAL.ICTG.ZS.UN,0.1596869019
Peru,PER,2001,ICT goods exports (% of total goods exports),TX.VAL.ICTG.ZS.UN,0.1602348805
Peru,PER,2000,ICT goods exports (% of total goods exports),TX.VAL.ICTG.ZS.UN,0.3807352062
Peru,PER,2005,Personal computers (per 100 people),IT.CMP.PCMP.P2,10.0480349901287
Peru,PER,2004,Personal computers (per 100 people),IT.CMP.PCMP.P2,8.32602905284578
Peru,PER,2003,Personal computers (per 100 people),IT.CMP.PCMP.P2,6.57600883464867
Peru,PER,2002,Personal computers (per 100 people),IT.CMP.PCMP.P2,5.1658671380299
Peru,PER,2001,Personal computers (per 100 people),IT.CMP.PCMP.P2,4.66430354391917
Peru,PER,2000,Personal computers (per 100 people),IT.CMP.PCMP.P2,3.96826236669284
Peru,PER,1999,Personal computers (per 100 people),IT.CMP.PCMP.P2,3.45114613138214
Peru,PER,1998,Personal computers (per 100 people),IT.CMP.PCMP.P2,2.92161582585622
Peru,PER,1997,Personal computers (per 100 people),IT.CMP.PCMP.P2,2.2621992011885
Peru,PER,1996,Personal computers (per 100 people),IT.CMP.PCMP.P2,1.81790094330476
Peru,PER,1995,Personal computers (per 100 people),IT.CMP.PCMP.P2,1.44037900898632
